Company Name,Value
LLoyds Banking Group,668.2887674721707
BlackRock Inc.,993.5402739005789
Baxter,219.8074271021991
Americold,230.7444518709884
Salesforce,839.5479835708293
Disney,472.3356368642152
Eestee Lauder,390.5248835066243
Easy Jet,335.377982583877
Games Workshop,684.0
Granite Reit,543.3552554941316
Infineon Technologies,928.5715169336303
Mercado Libre,925.1302522039495
Next Era Energy,1061.6123860632856
Pfizer,649.48259745569
Total S.A.,563.7445807300874
Block Inc.,87.18260981811595
